Type,Amount,Month,Year,Remarks
Electrical,18.05,8,2025,
Water,0.00,8,2025,
Internet,136.75,8,2025,
Shopee,576.53,8,2025,
House Rent,600.00,8,2025,
Housing Loan,586.00,8,2025,
Parent,400.00,8,2025,
Student Loan,200.00,8,2025,
Installment,269.00,8,2025,
Misc,364.20,8,2025,"Varsity - 65
Roadtax - 299.20"
Savings,100.00,8,2025,
Electrical,20.20,9,2025,
Water,0.00,9,2025,
Internet,136.75,9,2025,
Shopee,555.59,9,2025,
House Rent,600.00,9,2025,
Housing Loan,569.00,9,2025,
Parent,400.00,9,2025,
Student Loan,200.00,9,2025,
Installment,269.00,9,2025,
Misc,280.00,9,2025,"Asics - 100
HiTea - 180"
Savings,100.00,9,2025,
Electrical,22.75,10,2025,
Water,0.00,10,2025,
Internet,136.75,10,2025,
Shopee,555.59,10,2025,
House Rent,600.00,10,2025,
Housing Loan,588.00,10,2025,
Parent,400.00,10,2025,
Student Loan,200.00,10,2025,
Installment,269.00,10,2025,
Misc,218.00,10,2025,"Asics - 100
Kasut - 50
Klang Run - 68"
Savings,100.00,10,2025,
Electrical,21.75,11,2025,
Water,0.00,11,2025,
Internet,136.75,11,2025,
Shopee,490.48,11,2025,
House Rent,600.00,11,2025,
Housing Loan,568.00,11,2025,
Parent,400.00,11,2025,
Student Loan,200.00,11,2025,
Installment,269.00,11,2025,
Misc,150.00,11,2025,"Asics - 100
Kasut - 50"
Savings,100.00,11,2025,
Electrical,19.65,12,2025,
Water,0.00,12,2025,
Internet,136.75,12,2025,
Shopee,515.61,12,2025,
House Rent,600.00,12,2025,
Housing Loan,588.00,12,2025,
Parent,400.00,12,2025,
Student Loan,200.00,12,2025,
Installment,0.00,12,2025,
Misc,496.49,12,2025,"Godzila Run - 146.49
Langkawi - 200
Asics - 100
Kasut - 50"
Savings,100.00,12,2025,
Electrical,22.35,1,2026,
Water,0.00,1,2026,
Internet,136.75,1,2026,
Shopee,503.50,1,2026,
House Rent,600.00,1,2026,
Housing Loan,588.00,1,2026,
Parent,400.00,1,2026,
Student Loan,200.00,1,2026,
Installment,0.00,1,2026,
Misc,108.00,1,2026,Asics - 49 Decathlon - 59
Savings,100.00,1,2026,
Electrical,23.10,2,2026,
Water,0.00,2,2026,
Internet,136.75,2,2026,
Shopee,530.40,2,2026,
House Rent,600.00,2,2026,
Housing Loan,530.00,2,2026,
Parent,400.00,2,2026,
Student Loan,200.00,2,2026,
Installment,0.00,2,2026,
Misc,0.00,2,2026,
Savings,100.00,2,2026,
Electrical,18.05,3,2026,
Water,0.00,3,2026,
Internet,140.15,3,2026,
Shopee,490.19,3,2026,
House Rent,600.00,3,2026,
Housing Loan,586.57,3,2026,
Parent,400.00,3,2026,
Student Loan,200.00,3,2026,
Installment,0.00,3,2026,
Misc,738.03,3,2026,"OYO - 93.03
Lampu Raya - 45
Duit Raya - 600"
Savings,100.00,3,2026,
Electrical,20.20,4,2026,
Water,0.00,4,2026,
Internet,147.35,4,2026,
House Rent,0.00,4,2026,
Housing Loan,2088.00,4,2026,
Parent,400.00,4,2026,
Student Loan,200.00,4,2026,
Installment,0.00,4,2026,
Misc,454.52,4,2026,"Income Tax - 254.52
switch joycon - 200"
Savings,100.00,4,2026,
Electrical,32.40,5,2026,
Water,0.00,5,2026,
Internet,147.35,5,2026,
Shopee,67.07,5,2026,
House Rent,0.00,5,2026,
Housing Loan,2088.00,5,2026,
Parent,400.00,5,2026,
Student Loan,200.00,5,2026,
Installment,0.00,5,2026,
Misc,0.00,5,2026,
Savings,100.00,5,2026,
Electrical,20.40,6,2026,
Water,0.00,6,2026,
Internet,147.35,6,2026,
Shopee,72.35,6,2026,
House Rent,0.00,6,2026,
Housing Loan,2088.00,6,2026,
Parent,400.00,6,2026,
Student Loan,200.00,6,2026,
Savings,100.00,6,2026,
Electrical,21.95,7,2026,
Water,12.00,7,2026,
Internet,147.35,7,2026,
Shopee,123.62,7,2026,
Housing Loan,2088.00,7,2026,
Parent,400.00,7,2026,
Student Loan,200.00,7,2026,
Savings,100.00,7,2026,
Electrical,0.00,8,2026,
Water,23.45,8,2026,
Internet,478.35,8,2026,
Shopee,123.62,8,2026,
Housing Loan,2088.00,8,2026,
Parent,400.00,8,2026,
Student Loan,200.00,8,2026,
Savings,100.00,8,2026,
Electrical,90.45,9,2026,
Water,0.00,9,2026,
Internet,167.50,9,2026,
Shopee,123.62,9,2026,
House Rent,0.00,9,2026,
Housing Loan,2088.00,9,2026,
Parent,400.00,9,2026,
Student Loan,200.00,9,2026,
Installment,0.00,9,2026,
Misc,96.79,9,2026,"52.50 - IWK
44.29 - Maintenance"
Savings,100.00,9,2026,
Internet,167.50,10,2026,
Shopee,123.62,10,2026,
Parent,400.00,10,2026,
Student Loan,200.00,10,2026,
Savings,100.00,10,2026,
Internet,167.50,11,2026,
Parent,400.00,11,2026,
Student Loan,200.00,11,2026,
Savings,100.00,11,2026,
Internet,167.50,12,2026,
Parent,400.00,12,2026,
Student Loan,200.00,12,2026,
Savings,100.00,12,2026,
